symbol,last_session,days_stale
ORTINLABSS,2021-01-11,2094
ADANIGAS,2021-01-12,2093
KSK,2021-01-15,2090
8KMILES,2021-01-19,2086
PARABDRUGS,2021-01-25,2080
GARDENSILK,2021-01-25,2080
JAIHINDPRO,2021-01-25,2080
CESCVENT,2021-01-29,2076
PROSEED,2021-02-01,2073
SUJANAUNI,2021-02-02,2072
URJA-RE,2021-02-05,2069
OMMETALS,2021-02-09,2065
L&TFH-RE,2021-02-10,2064
JUBILANT,2021-02-11,2063
KWALITY,2021-02-23,2051
METKORE,2021-02-23,2051
DIGJAMLTD,2021-03-02,2044
SELMCL,2021-03-08,2038
PATINT-RE,2021-03-08,2038
GLOBOFFS,2021-03-12,2034
GTNIND,2021-03-12,2034
AFL-RE,2021-03-12,2034
TALWGYM,2021-03-22,2024
TALWALKARS,2021-03-22,2024
CKFSL,2021-03-22,2024
CNOVAPETRO,2021-04-05,2010
RTNINFRA,2021-04-06,2009
HARITASEAT,2021-04-09,2006
CURATECH,2021-04-12,2003
KGL,2021-04-12,2003
EUROCERA,2021-04-13,2002
PRABHAT,2021-04-22,1993
SEZAL,2021-04-22,1993
SANGHVIFOR,2021-04-30,1985
UNIPLY,2021-05-03,1982
KDDL-RE,2021-05-03,1982
VIKASMCORP,2021-05-05,1980
UNITY,2021-05-07,1978
MEGH,2021-05-17,1968
ADHUNIKIND,2021-05-19,1966
SFHL-RE,2021-05-28,1957
GBGLOBAL,2021-05-31,1954
THIRUSUGAR,2021-05-31,1954
VLIFE-RE,2021-06-04,1950
DHFL,2021-06-11,1943
STINDIA,2021-06-14,1940
KSERASERA,2021-06-14,1940
G5,2021-06-15,1939
M100,2021-06-15,1939
VIDEOIND,2021-06-15,1939
M50,2021-06-15,1939
N100,2021-06-15,1939
SMPL,2021-06-18,1936
MIC,2021-06-21,1933
VECO-RE,2021-06-23,1931
SYNCOM,2021-06-28,1926
BSELINFRA,2021-07-12,1912
RAMSARUP,2021-07-19,1905
ORIENTREF,2021-07-20,1904
CASTEXTECH,2021-07-20,1904
ABMINTLTD,2021-07-26,1898
MEGA-RE,2021-07-30,1894
BILENERGY,2021-08-02,1891
OISL,2021-08-02,1891
TECHNOFAB,2021-08-02,1891
ZICOM,2021-08-02,1891
MAGMA,2021-08-04,1889
GAMMNINFRA,2021-08-13,1880
3IINFOTECH,2021-08-27,1866
ALCHEM,2021-08-30,1863
CHROMATIC,2021-08-30,1863
ARCOTECH,2021-08-30,1863
SHIRPUR-G,2021-08-30,1863
EUROMULTI,2021-08-30,1863
EBIXFOREX,2021-08-31,1862
DQE,2021-09-06,1856
ZODJRDMKJ,2021-09-20,1842
BASML-RE,2021-09-28,1834
NIFTYEES,2021-09-29,1833
EQ30,2021-09-30,1832
PRAXIS-RE,2021-09-30,1832
ASIAN-RE,2021-10-01,1831
AUTOLITIND,2021-10-04,1828
KIL-RE,2021-10-06,1826
RPP-RE,2021-10-13,1819
AIRTEL-RE,2021-10-14,1818
PRADIP,2021-10-14,1818
MAJESCO,2021-10-21,1811
RAJRAYON,2021-10-22,1810
EMCO,2021-10-26,1806
ANGELBRKG,2021-11-10,1791
TATASTLBSL,2021-11-12,1789
PATINT-RE1,2021-11-17,1784
TRAIL-RE,2021-11-17,1784
VLIFE-RE1,2021-11-18,1783
NXTDIG-RE,2021-11-24,1777
PROINDIA,2021-11-29,1772
BGEAR-RE,2021-12-02,1769
AGCNET,2021-12-02,1769
IHCL-RE,2021-12-02,1769
YAARII,2021-12-14,1757
KARDA,2021-12-15,1756
VECO-RE1,2021-12-15,1756
LINCPEN,2021-12-17,1754
DOLAT,2021-12-17,1754
JUMPNET,2021-12-21,1750
GDL,2022-01-04,1736
MANGTIMBER,2022-01-04,1736
BEARD-RE,2022-01-10,1730
GTNTEX,2022-01-11,1729
PATSPINLTD,2022-01-11,1729
PHILIPCARB,2022-01-12,1728
SRIPIPES,2022-01-12,1728
SHIVAM-RE,2022-01-21,1719
SDBL-RE,2022-01-25,1715
NITINFIRE,2022-02-10,1699
COX&KINGS,2022-02-10,1699
PDSMFL,2022-02-16,1693
BURGERKING,2022-02-16,1693
JIYAECO,2022-02-28,1681
INTEGRA,2022-02-28,1681
CADILAHC,2022-03-04,1677
SHRIRAMEPC,2022-03-08,1673
WOCKH-RE,2022-03-16,1665
WABCOINDIA,2022-03-31,1650
DALALSTCOM,2022-04-04,1646
SUPPETRO,2022-04-06,1644
ROHITFERRO,2022-04-07,1643
PAEL,2022-04-08,1642
KPIGLOBAL,2022-04-26,1624
NGIL-RE,2022-04-27,1623
BCIL-RE,2022-04-28,1622
ATNINTER,2022-05-02,1618
AURUM-RE,2022-05-05,1615
ASIAN-RE1,2022-05-05,1615
NETFSILVER,2022-05-09,1611
NETFSDL26,2022-05-09,1611
NETFPHARMA,2022-05-09,1611
NETFNV20,2022-05-09,1611
NCPSESDL24,2022-05-09,1611
NETFNIF100,2022-05-09,1611
NETFCONSUM,2022-05-09,1611
NETFLTGILT,2022-05-09,1611
NETFIT,2022-05-09,1611
NETFGILT5Y,2022-05-09,1611
NETFDIVOPP,2022-05-09,1611
NETFMID150,2022-05-09,1611
NETFAUTO,2022-05-09,1611
HSIL,2022-05-10,1610
OPTOCIRCUI,2022-05-23,1597
DYNPRO-RE,2022-06-03,1586
GALLISPAT,2022-06-03,1586
MUKANDENGG,2022-06-06,1583
MOTHERSUMI,2022-06-08,1581
ESSEN-RE,2022-06-08,1581
CEBBCO,2022-06-17,1572
SHIL,2022-06-20,1569
INDOSOLAR,2022-06-24,1565
JMTAUTOLTD,2022-06-27,1562
ZUARIGLOB,2022-07-01,1558
RUCHI,2022-07-12,1547
TMRVL,2022-07-15,1544
COSMOFILMS,2022-07-22,1537
JAINSTUDIO,2022-07-26,1533
NBVENTURES,2022-07-28,1531
MINDAIND,2022-08-04,1524
MODISNME,2022-08-12,1516
SORILINFRA,2022-08-17,1511
PBAINFRA,2022-08-23,1505
TEMBO-RE,2022-08-29,1499
DHANVARSHA,2022-08-30,1498
MCDHOLDING,2022-09-05,1492
DIAPOWER,2022-09-12,1485
COAST-RE,2022-09-21,1476
LIBAS-RE,2022-10-03,1464
PUNJLLOYD,2022-10-06,1461
EASUNREYRL,2022-10-06,1461
ANSALHSG,2022-10-12,1455
SUZLON-RE,2022-10-14,1453
UTTAMSTL,2022-10-17,1450
CANDC,2022-10-27,1440
DHARAMSI,2022-11-01,1435
SUVEN-RE,2022-11-03,1433
HILTON-RE,2022-11-04,1432
TCIDEVELOP,2022-11-10,1426
BARTRONICS,2022-11-17,1419
ACRYSIL,2022-11-17,1419
JTLINFRA,2022-11-18,1418
HOTELRUGBY,2022-11-22,1414
MINDTREE,2022-11-22,1414
TFL-RE,2022-11-23,1413
SHRIRAMCIT,2022-11-28,1408
JINDCOT,2022-11-28,1408
COMP-RE,2022-11-29,1407
LTI,2022-12-02,1404
ESSEN-RE1,2022-12-08,1398
AJOONI-RE,2022-12-09,1397
BHAGYAPROP,2022-12-09,1397
BRFL,2022-12-12,1394
SRTRANSFIN,2022-12-19,1387
SICAL,2022-12-28,1378
RSWM-RE,2023-01-02,1373
WFL,2023-01-03,1372
HATSUN-RE,2023-01-03,1372
SUBCAPCITY,2023-01-04,1371
PIONDIST,2023-01-05,1370
GAL-RE,2023-01-09,1366
JMCPROJECT,2023-01-10,1365
APCL-RE,2023-01-13,1362
INEOSSTYRO,2023-01-19,1356
AKG-RE,2023-01-19,1356
IIFLWAM,2023-01-20,1355
JETFRE-RE,2023-01-25,1350
AARTI-RE,2023-01-27,1348
EQUITAS,2023-02-02,1342
INDO-RE,2023-02-06,1338
HERIT-RE,2023-02-08,1336
SINTEX,2023-02-10,1334
INOXLEISUR,2023-02-16,1328
PATEL-RE,2023-02-22,1322
JIKIND,2023-02-27,1317
MITTAL-RE,2023-02-27,1317
ANDHRACEMT,2023-03-02,1314
CGCL-RE,2023-03-06,1310
JPINFRATEC,2023-03-06,1310
JSLHISAR,2023-03-08,1308
CLNINDIA,2023-03-09,1307
MERCATOR,2023-03-10,1306
SHARE-RE,2023-03-13,1303
ROML-RE,2023-03-15,1301
GOKUL-RE,2023-03-17,1299
SATHAISPAT,2023-03-20,1296
DFMFOODS,2023-03-27,1289
EBBETF0423,2023-04-11,1274
SEPC-RE,2023-04-18,1267
GSCLCEMENT,2023-04-20,1265
PNB-RE,2023-04-24,1261
VIKASPROP,2023-04-24,1261
VIKASWSP,2023-04-28,1257
WINPRO,2023-04-28,1257
BCP,2023-04-28,1257
SPICEJET,2023-04-28,1257
GISO-RE,2023-05-03,1252
SDBL-RE1,2023-05-08,1247
NXTDIGITAL,2023-05-08,1247
RUSHI-RE1,2023-05-08,1247
PVR,2023-05-11,1244
BINDALAGRO,2023-05-18,1237
NATNLSTEEL,2023-05-19,1236
MOHOTAIND,2023-05-29,1226
GODHA-RE,2023-06-02,1222
KALPATPOWR,2023-06-05,1219
PRAXIS-RE1,2023-06-09,1215
HBANKETF,2023-06-15,1209
HDFCSENETF,2023-06-15,1209
HDFCNIFETF,2023-06-15,1209
HDFCMFGETF,2023-06-15,1209
MAHINDCIE,2023-06-16,1208
TWL,2023-06-16,1208
DIL-RE,2023-06-21,1203
SHRERA-RE,2023-06-21,1203
BALLARPUR,2023-06-22,1202
DHARSUGAR,2023-06-30,1194
GAL,2023-06-30,1194
NECLTD-RE,2023-07-06,1188
STAMPEDE,2023-07-10,1184
HDFC,2023-07-12,1182
RNAVAL,2023-07-13,1181
TANTIACONS,2023-07-20,1174
UCALFUEL,2023-07-25,1169
IDBIGOLD,2023-07-28,1166
4THDIM,2023-07-28,1166
ORIENTABRA,2023-07-28,1166
EBANK,2023-08-01,1162
SCAPDVR,2023-08-02,1161
PROZONINTU,2023-08-03,1160
SRPL-RE,2023-08-09,1154
SUNCLAYLTD,2023-08-09,1154
JSWISPL,2023-08-09,1154
PLPHAR-RE,2023-08-10,1153
MAXVIL,2023-08-10,1153
SREINFRA,2023-08-11,1152
VCL-RE,2023-08-14,1149
BROOKS-RE,2023-08-17,1146
PDPL,2023-08-21,1142
SEPOWER,2023-08-22,1141
ADANITRANS,2023-08-23,1140
MAGS813ETF,2023-08-30,1133
MAMFGETF,2023-08-31,1132
MAGOLDETF,2023-08-31,1132
MAESGETF,2023-08-31,1132
MAM150ETF,2023-08-31,1132
MAFSETF,2023-08-31,1132
MAN50ETF,2023-08-31,1132
MANV30F,2023-08-31,1132
MANXT50,2023-08-31,1132
MASILVER,2023-08-31,1132
MFL,2023-09-08,1124
KEERTI,2023-09-11,1121
GREEN-RE,2023-09-11,1121
REVATHI,2023-09-20,1112
PRESSMN,2023-09-21,1111
NGIL-RE1,2023-09-22,1110
JBFIND,2023-10-03,1099
AJRINFRA,2023-10-03,1099
BHANDA-RE,2023-10-09,1093
LSIL,2023-10-13,1089
MARSHAL-RE,2023-10-16,1086
VICEROY,2023-10-19,1083
GISOLUTION,2023-10-19,1083
BIRLATYRE,2023-10-23,1079
IBMFNIFTY,2023-10-25,1077
AMARAJABAT,2023-10-26,1076
UJAAS,2023-11-02,1069
DAAWAT,2023-11-03,1068
SONAMCLOCK,2023-11-13,1058
TATASTLLP,2023-11-16,1055
GATI,2023-11-29,1042
SEPC-RE1,2023-12-12,1029
WELSPUNIND,2023-12-13,1028
ATLANTA,2023-12-14,1027
PSUBANKICI,2023-12-19,1022
ICICICONSU,2023-12-19,1022
ICICIALPLV,2023-12-19,1022
ICICIQTY30,2023-12-19,1022
ICICISENSX,2023-12-19,1022
ICICISILVE,2023-12-19,1022
ICICITECH,2023-12-19,1022
ICICIBANKP,2023-12-19,1022
ICICIBANKN,2023-12-19,1022
ICICIAUTO,2023-12-19,1022
ICICINV20,2023-12-19,1022
ICICI5GSEC,2023-12-19,1022
ICICINIFTY,2023-12-19,1022
ICICI500,2023-12-19,1022
ICICI10GS,2023-12-19,1022
ICICIPHARM,2023-12-19,1022
ICICINXT50,2023-12-19,1022
ICICILOVOL,2023-12-19,1022
ICICIFIN,2023-12-19,1022
ICICIFMCG,2023-12-19,1022
ICICINF100,2023-12-19,1022
ICICIMOM30,2023-12-19,1022
ICICIMCAP,2023-12-19,1022
ICICIGOLD,2023-12-19,1022
ICICIM150,2023-12-19,1022
ICICILIQ,2023-12-19,1022
ICICICOMMO,2023-12-19,1022
ICICIINFRA,2023-12-19,1022
RMCL,2023-12-21,1020
INDLMETER,2023-12-28,1013
LLOYDS-RE,2024-01-05,1005
SPENTEX,2024-01-11,999
TATACOFFEE,2024-01-12,998
TINPLATE,2024-01-18,992
GRASIM-RE,2024-01-23,987
SABTN,2024-01-23,987
TATAMETALI,2024-02-05,974
SKIPPER-RE,2024-02-05,974
IBUL-RE,2024-02-08,971
ADRO-RE,2024-02-12,967
DSPBANKETF,2024-02-14,965
DSPSILVETF,2024-02-14,965
DSPSENXETF,2024-02-14,965
DSPQ50ETF,2024-02-14,965
DSPPVBKETF,2024-02-14,965
DSPNEWETF,2024-02-14,965
DSPN50ETF,2024-02-14,965
DSPITETF,2024-02-14,965
DSPGOLDETF,2024-02-14,965
DSPPSBKETF,2024-02-14,965
MAGNUM-RE,2024-02-16,963
NAGREE-RE,2024-02-19,960
RELCAPITAL,2024-02-26,953
SILGO-RE,2024-03-11,939
GLOBE-RE,2024-03-12,938
SOUTH-RE,2024-03-14,936
KOTAKNV20,2024-03-19,931
KOTAKLIQ,2024-03-19,931
KOTAKALPHA,2024-03-19,931
KOTAKMID50,2024-03-19,931
KOTAKMNC,2024-03-19,931
KOTAKNIFTY,2024-03-19,931
KOTAKPSUBK,2024-03-19,931
KOTAKCONS,2024-03-19,931
KOTAKBKETF,2024-03-19,931
KOTAKIT,2024-03-19,931
KOTAKLOVOL,2024-03-19,931
HCC-RE,2024-04-02,917
BALKRI-RE,2024-04-08,911
KOTAKGOLD,2024-04-15,904
KOTAKSILVE,2024-04-15,904
L&TFH,2024-04-22,897
JYOTI-RE,2024-04-24,895
UJJIVAN,2024-05-02,887
TIL-RE,2024-05-06,883
SAKUMA-RE,2024-05-07,882
IIFL-RE,2024-05-08,881
METALFORGE,2024-05-17,872
SANG-RE,2024-05-21,868
AJOONI-RE1,2024-05-27,862
KEEPLN-RE,2024-06-03,855
VIJIFI-RE,2024-06-04,854
SOLARA-RE,2024-06-05,853
MCDOWELL-N,2024-06-06,852
AEGISCHEM,2024-06-06,852
MGEL-RE,2024-06-07,851
SPTL,2024-06-13,845
ESSEN-RE2,2024-06-20,838
NGIL-RE2,2024-06-24,834
SOBHA-RE,2024-07-01,827
KSHITI-RE,2024-07-03,825
IBREALEST,2024-07-05,823
SEPC-RE2,2024-07-12,816
BHANDA-RE1,2024-07-15,813
NANDANI-RE,2024-07-18,810
MITCON-RE,2024-07-22,806
IBULHSGFIN,2024-07-25,803
LGBFORGE,2024-07-29,799
INDO-RE1,2024-07-31,797
FRETAIL,2024-08-01,796
ISMTLTD,2024-08-05,792
INVENT-RE,2024-08-07,790
SPYL,2024-08-08,789
GATECH-RE,2024-08-08,789
GACMDVR-RE,2024-08-08,789
TATACON-RE,2024-08-12,785
GROWEV,2024-08-22,775
TRIL,2024-08-23,774
TATAMTRDVR,2024-08-29,768
MELSTAR,2024-09-02,764
ORTINLAB,2024-09-02,764
TCNSBRANDS,2024-09-02,764
VINNY-RE,2024-09-04,762
ATAL-RE,2024-09-04,762
GREEN-RE1,2024-09-09,757
DUCON-RE,2024-09-19,747
DEEPENR,2024-09-24,742
AKSH-RE,2024-09-24,742
VARDM-RE,2024-09-24,742
SDL24BEES,2024-09-25,741
SADHNAN-RE,2024-09-25,741
PATINT-RE2,2024-09-26,740
ALLSEC,2024-09-26,740
TIPSINDLTD,2024-09-27,739
ORIENT-RE,2024-09-27,739
SGIL-RE,2024-09-30,736
NARMA-RE,2024-10-03,733
TIDEWATER,2024-10-08,728
IDFC,2024-10-09,727
LAXMIMACH,2024-10-09,727
CENTURYTEX,2024-10-09,727
TV18BRDCST,2024-10-15,721
MITTAL-RE1,2024-10-16,720
GEOJIT-RE,2024-10-17,719
SHREYAS,2024-10-22,714
JUBLINDS,2024-10-25,711
GET&D,2024-11-04,701
JETAIRWAYS,2024-11-07,698
HINDWAR-RE,2024-11-18,687
REVATHIEQU,2024-11-25,680
BKMINDST,2024-11-25,680
NAVINIFTY,2024-11-28,677
VISESHINFO,2024-12-02,673
IIFLSEC,2024-12-02,673
NTL,2024-12-02,673
GMRINFRA,2024-12-10,665
UPL-RE,2024-12-11,664
VHLTD-RE,2024-12-18,657
HBLPOWER,2024-12-20,655
AVON-RE,2024-12-30,645
SIKKO-RE,2025-01-02,642
MOKSH-RE,2025-01-07,637
URAVI,2025-01-15,629
GLS,2025-01-17,627
CAMLIN-RE,2025-01-21,623
DHAN-RE,2025-01-23,621
CALSOFT-RE,2025-01-28,616
GLOBE-RE1,2025-01-31,613
TCLCONS,2025-02-06,607
THANG-RE,2025-02-25,588
JYOTI-RE1,2025-02-25,588
CAREERP,2025-03-19,566
ISEC,2025-03-21,564
ATFL,2025-03-27,558
AHL,2025-03-28,557
HIL,2025-04-08,546
EBBETF0425,2025-04-08,546
ZOMATO,2025-04-08,546
ADORWELD,2025-04-09,545
IRIS-RE,2025-04-09,545
MRO-TEK,2025-04-11,543
ABIN-RE1,2025-04-15,539
SECURCRED,2025-04-15,539
RBL,2025-04-21,533
FUSI-RE,2025-04-21,533
RANEENGINE,2025-04-21,533
BTML-RE1,2025-04-22,532
MAXIND-RE,2025-05-16,508
SUVENPHAR,2025-05-16,508
BASML-RE1,2025-05-19,505
AVANTEL-RE,2025-05-23,501
GATECH-RE1,2025-05-27,497
LLOYDS-RE1,2025-05-27,497
GATDVR-RE,2025-05-27,497
AMIORG,2025-05-30,494
M&MFIN-RE1,2025-06-03,490
TECHIN,2025-06-09,484
MAHLIFE-RE,2025-06-12,481
SEPC-RE3,2025-06-17,476
UGRO-RE,2025-06-18,475
IWEL,2025-06-19,474
KAVVERITEL,2025-06-20,473
SATINDLTD,2025-06-24,469
KBCGLOBAL,2025-06-25,468
UMANGDAIRY,2025-06-26,467
EROSMEDIA,2025-06-30,463
PODDARHOUS,2025-06-30,463
ETHOS-RE,2025-06-30,463
OCCL,2025-07-07,456
INFIBE-RE,2025-07-07,456
BINANIIND,2025-07-11,452
MIRC-RE,2025-07-16,447
CAPTRU-RE,2025-07-18,445
GVPTECH-RE,2025-07-18,445
QUALITY,2025-07-18,445
ASTEC-RE,2025-07-22,441
TTL-RE,2025-07-25,438
EXICOM-RE,2025-07-25,438
VALIANT-RE,2025-08-05,427
SPAND-RE,2025-08-06,426
JTEKT-RE,2025-08-07,425
MAHLOG-RE,2025-08-11,421
TIMESGTY,2025-08-12,420
PRAXIS-RE2,2025-08-12,420
INDSWFTLTD,2025-08-13,419
INOXWI-RE,2025-08-14,418
KILITC-RE,2025-08-18,414
CYBER-RE,2025-08-19,413
SAH,2025-08-21,411
UDAICEMENT,2025-08-22,410
DAVAN-RE1,2025-08-25,407
GEPIL,2025-08-26,406
HOVS,2025-09-02,399
HINDNATGLS,2025-09-02,399
LLOYDSE-RE,2025-09-02,399
SWANENERGY,2025-09-03,398
ARSSINFRA,2025-09-03,398
GANGOTRI,2025-09-08,393
SARVES-RE,2025-09-11,390
GANESHHOUC,2025-09-12,389
SILVRETF,2025-09-12,389
ITDCEM,2025-09-16,385
SELAN,2025-09-19,382
PEL,2025-09-22,379
SHRADHA-RE,2025-09-29,372
HINDMOTORS,2025-10-01,370
NDTV-RE,2025-10-03,368
WORTH,2025-10-09,362
BARBEQUE,2025-10-10,361
AARVEEDEN,2025-10-10,361
SUNDARMHLD,2025-10-15,356
GODHA,2025-10-16,355
3IINFO-RE,2025-10-20,351
TATAMOTORS,2025-10-23,348
FSC,2025-10-27,344
DHANI,2025-10-27,344
IEL,2025-10-27,344
UTKAR-RE,2025-10-28,343
MANGCHEFER,2025-10-30,341
DELPH-RE,2025-11-03,337
YAARI,2025-11-03,337
SMLISUZU,2025-11-07,333
CAPTRU-RE1,2025-11-07,333
ACLGATI,2025-11-11,329
SMSLIFE,2025-11-25,315
BAIDFIN-RE,2025-11-28,312
ATL-RE,2025-12-03,307
INDO-RE2,2025-12-04,306
ADANI-RE,2025-12-05,305
CREATIVE,2025-12-09,301
ITETFADD,2025-12-12,298
NIFTY50ADD,2025-12-12,298
BANKETFADD,2025-12-12,298
GOLDETFADD,2025-12-12,298
GOENKA,2025-12-15,295
PATELEG-RE,2025-12-16,294
HCC-RE1,2025-12-17,293
ROLTA,2025-12-17,293
NIFMID150,2025-12-23,287
NIF5GETF,2025-12-23,287
NIFITETF,2025-12-23,287
GOLDSHARE,2025-12-23,287
UTISXN50,2025-12-23,287
UTINEXT50,2025-12-23,287
UTINIFTETF,2025-12-23,287
UTISENSETF,2025-12-23,287
NIF10GETF,2025-12-23,287
JCHAC,2025-12-23,287
SILVERETF,2025-12-23,287
UTIBANKETF,2025-12-23,287
NACL-RE,2025-12-24,286
SUULD,2025-12-29,281
MARSHALL,2025-12-29,281
KRISHFL-RE,2025-12-31,279
HERCULES,2026-01-01,278
ALPSINDUS,2026-01-01,278
HILTON-RE1,2026-01-07,272
SGLTL,2026-01-16,263
HEUBACHIND,2026-01-19,260
SEQUENT,2026-01-22,257
VINEET-RE,2026-01-27,252
INFIBEAM,2026-02-02,246
MEGASOFT,2026-02-06,242
ARISINFRA,2026-02-06,242
SILGO-RE1,2026-02-09,239
SABTNL,2026-02-10,238
STALL-RE,2026-02-23,225
LTIM,2026-02-26,222
SICAL-RE,2026-03-05,215
SADHNA-RE,2026-03-05,215
HILTON-RE2,2026-03-10,210
ONECAP-RE,2026-03-10,210
BHANDA-RE2,2026-03-16,204
JPASSOCIAT,2026-03-17,203
HCG-RE,2026-03-20,200
PRABHA-RE,2026-03-30,190
TIL-RE1,2026-04-01,188
EXCEL,2026-04-01,188
SANGHIIND,2026-04-02,187
5PAISA-RE,2026-04-07,182
AKZOINDIA,2026-04-13,176
MAHAPE-RE,2026-04-24,165
SDL26BEES,2026-04-27,162
AXISBPSETF,2026-04-28,161
OMKARCHEM,2026-04-28,161
SASTASUNDR,2026-04-29,160
GSPL,2026-05-11,148
CIGNITITEC,2026-05-14,145
EFCIL-RE,2026-05-18,141
VISASTEEL,2026-05-19,140
AVAILFC,2026-06-03,125
AVG-RE,2026-06-04,124
SANCO,2026-06-04,124
ESSEN-RE3,2026-06-05,123
WIMPLAST,2026-06-08,120
MIRCELECTR,2026-06-18,110
RELTD-RE,2026-06-19,109
SHAH-RE1,2026-06-19,109
GUJGASLTD,2026-06-30,98
AXSENSEX,2026-07-02,96
AXISVALUE,2026-07-02,96
AXISTECETF,2026-07-02,96
AXISNIFTY,2026-07-02,96
AXISHCETF,2026-07-02,96
AXISGOLD,2026-07-02,96
AXISCETF,2026-07-02,96
AXISBNKETF,2026-07-02,96
AXISILVER,2026-07-02,96
AURIGROW,2026-07-07,91
LYPSAGEMS,2026-07-13,85
GANGAFO-RE,2026-07-15,83
SUMEET-RE,2026-07-15,83
JBCHEPHARM,2026-07-16,82
AMIRCHAND,2026-07-17,81
ASHIKA,2026-07-24,74
WINSOME,2026-07-30,68
SABEVENTS,2026-08-04,63
SRPL,2026-08-10,57
GENESYS-RE,2026-08-18,49
SHANTI-RE,2026-08-18,49
KALYANI,2026-08-28,39
FCONSUMER,2026-08-31,36
DIL,2026-08-31,36
MANBRO,2026-09-02,34
RATNA-RE,2026-09-03,33
KSHITIJ-RE,2026-09-04,32
VHLTD-RE1,2026-09-07,29
DUCON-RE1,2026-09-07,29
SILLYMONKS,2026-09-09,27
JAYKAY-RE1,2026-09-15,21
RAJVIR,2026-09-21,15
HEG,2026-09-21,15
SANGINITA,2026-09-24,12
